A,B,A*B in C,D,E,D+E in C,,Expected,Difference
0,-371,0,0,0,0,,,
0,1617,0,0,0,0,,,
0,1310,0,0,0,0,,,
0,61,0,0,0,0,,,
0,-589,0,0,0,0,,,
0,72,0,0,0,0,,,
0,-1661,0,0,0,0,,,
0,-321,0,0,0,0,,,
0,-1506,0,0,0,0,,,
0,-725,0,0,0,0,,,
0,103,0,0,0,0,,,
0,-1408,0,0,0,0,,,
0,684,0,0,0,0,,,
0,-2327,0,0,0,0,,,
0,-1732,0,0,0,0,,,
0,-949,0,0,0,0,,,
0,1742,0,0,0,0,,,
0,-1087,0,0,0,0,,,
0,460,0,0,0,0,,,
0,-1041,0,0,0,0,,,
0,1316,0,0,0,0,,,
0,-1321,0,0,0,0,,,
0,2144,0,0,0,0,,,
0,-49,0,0,0,0,,,
0,1158,0,0,0,0,,,
0,-1185,0,0,0,0,,,
0,756,0,0,0,0,,,
0,-1178,0,0,0,0,,,
0,544,0,0,0,0,,,
0,894,0,0,0,0,,,
0,-822,0,0,0,0,,,
0,-509,0,0,0,0,,,
0,-1590,0,0,0,0,,,
0,42,0,0,0,0,,,
0,563,0,0,0,0,,,
0,-1027,0,0,0,0,,,
0,-1743,0,0,0,0,,,
0,-690,0,0,0,0,,,
0,-824,0,0,0,0,,,
0,-2195,0,0,0,0,,,
0,-2231,0,0,0,0,,,
0,899,0,0,0,0,,,
0,-1005,0,0,0,0,,,
0,-1252,0,0,0,0,,,
0,324,0,0,0,0,,,
0,990,0,0,0,0,,,
0,2112,0,0,0,0,,,
0,-992,0,0,0,0,,,
0,1481,0,0,0,0,,,
0,-817,0,0,0,0,,,
0,-729,0,0,0,0,,,
0,220,0,0,0,0,,,
0,-1446,0,0,0,0,,,
0,-1217,0,0,0,0,,,
0,338,0,0,0,0,,,
0,-266,0,0,0,0,,,
0,204,0,0,0,0,,,
0,1200,0,0,0,0,,,
0,2077,0,0,0,0,,,
0,-651,0,0,0,0,,,
0,2123,0,0,0,0,,,
0,446,0,0,0,0,,,
0,-850,0,0,0,0,,,
0,744,0,0,0,0,,,
0,1715,0,0,0,0,,,
0,1475,0,0,0,0,,,
0,96,0,0,0,0,,,
0,-712,0,0,0,0,,,
0,-1211,0,0,0,0,,,
0,1255,0,0,0,0,,,
0,-762,0,0,0,0,,,
0,256,0,0,0,0,,,
0,-314,0,0,0,0,,,
0,125,0,0,0,0,,,
0,489,0,0,0,0,,,
0,-2078,0,0,0,0,,,
0,-613,0,0,0,0,,,
0,2158,0,0,0,0,,,
0,-1219,0,0,0,0,,,
0,-1030,0,0,0,0,,,
0,1621,0,0,0,0,,,
0,1085,0,0,0,0,,,
0,659,0,0,0,0,,,
0,1232,0,0,0,0,,,
0,425,0,0,0,0,,,
0,-548,0,0,0,0,,,
0,1140,0,0,0,0,,,
0,-1187,0,0,0,0,,,
0,1794,0,0,0,0,,,
0,-997,0,0,0,0,,,
0,-224,0,0,0,0,,,
0,-1472,0,0,0,0,,,
0,2183,0,0,0,0,,,
0,-1744,0,0,0,0,,,
0,2165,0,0,0,0,,,
0,1165,0,0,0,0,,,
0,-1845,0,0,0,0,,,
0,-683,0,0,0,0,,,
0,709,0,0,0,0,,,
0,1232,0,0,0,0,,,
0,355,0,0,0,0,,,
0,2309,0,0,0,0,,,
0,-1438,0,0,0,0,,,
0,1,0,0,0,0,,,
0,593,0,0,0,0,,,
0,-243,0,0,0,0,,,
0,686,0,0,0,0,,,
0,-1118,0,0,0,0,,,
0,1001,0,0,0,0,,,
0,-1763,0,0,0,0,,,
0,1760,0,0,0,0,,,
0,-195,0,0,0,0,,,
0,1623,0,0,0,0,,,
0,1320,0,0,0,0,,,
0,-219,0,0,0,0,,,
0,772,0,0,0,0,,,
0,2021,0,0,0,0,,,
0,-315,0,0,0,0,,,
0,-763,0,0,0,0,,,
0,1171,0,0,0,0,,,
0,1307,0,0,0,0,,,
0,-1473,0,0,0,0,,,
0,-1673,0,0,0,0,,,
0,-1960,0,0,0,0,,,
0,1007,0,0,0,0,,,
0,-1379,0,0,0,0,,,
0,629,0,0,0,0,,,
0,-1965,0,0,0,0,,,
0,1630,0,0,0,0,,,
0,-2398,0,0,0,0,,,
0,2081,0,0,0,0,,,
0,-1562,0,0,0,0,,,
0,1407,0,0,0,0,,,
0,-1849,0,0,0,0,,,
0,2386,0,0,0,0,,,
0,2383,0,0,0,0,,,
0,2233,0,0,0,0,,,
0,-308,0,0,0,0,,,
0,-1057,0,0,0,0,,,
0,-2051,0,0,0,0,,,
0,-13,0,0,0,0,,,
0,-666,0,0,0,0,,,
0,-862,0,0,0,0,,,
0,-1437,0,0,0,0,,,
0,-317,0,0,0,0,,,
0,1472,0,0,0,0,,,
0,501,0,0,0,0,,,
0,-2133,0,0,0,0,,,
0,1795,0,0,0,0,,,
0,275,0,0,0,0,,,
0,-2660,0,0,0,0,,,
0,1419,0,0,0,0,,,
0,23,0,0,0,0,,,
0,1486,0,0,0,0,,,
0,1345,0,0,0,0,,,
0,2162,0,0,0,0,,,
0,-1327,0,0,0,0,,,
0,-2033,0,0,0,0,,,
0,-366,0,0,0,0,,,
14135,339,73,0,73,73,,73,0
60910,-969,-901,73,-901,-828,,-901,0
21588,-1510,-498,-828,-498,-1326,,-497,1
0,1873,0,-1326,0,-1326,,,
0,547,0,-1326,0,-1326,,,
0,-917,0,-1326,0,-1326,,,
0,1658,0,-1326,0,-1326,,,
0,-2206,0,-1326,0,-1326,,,
0,-2340,0,-1326,0,-1326,,,
0,-1929,0,-1326,0,-1326,,,
0,-1761,0,-1326,0,-1326,,,
0,-1184,0,-1326,0,-1326,,,
0,-1945,0,-1326,0,-1326,,,
0,1244,0,-1326,0,-1326,,,
0,316,0,-1326,0,-1326,,,
0,-792,0,-1326,0,-1326,,,
0,-1588,0,-1326,0,-1326,,,
0,146,0,-1326,0,-1326,,,
0,-70,0,-1326,0,-1326,,,
0,-1106,0,-1326,0,-1326,,,
15163,-1866,-432,-1326,-432,-1758,,-432,0
10023,-1267,-194,-1758,-194,-1952,,-194,0
0,1571,0,-1952,0,-1952,,,
0,3130,0,-1952,0,-1952,,,
0,1115,0,-1952,0,-1952,,,
0,-1334,0,-1952,0,-1952,,,
0,-709,0,-1952,0,-1952,,,
2313,-2703,-96,-1952,-96,-2048,,-95,1
50887,-711,-553,-2048,-553,-2601,,-552,1
65279,-3325,-3312,-2601,-3312,-5913,,-3312,0
57055,-2449,-2133,-5913,-2133,-8046,,-2132,1
0,1727,0,-8046,0,-8046,,,
0,-722,0,-8046,0,-8046,,,
0,-445,0,-8046,0,-8046,,,
0,322,0,-8046,0,-8046,,,
0,-1737,0,-8046,0,-8046,,,
0,-1075,0,-8046,0,-8046,,,
0,-963,0,-8046,0,-8046,,,
0,838,0,-8046,0,-8046,,,
0,1164,0,-8046,0,-8046,,,
0,-1289,0,-8046,0,-8046,,,
0,1133,0,-8046,0,-8046,,,
0,-944,0,-8046,0,-8046,,,
0,1118,0,-8046,0,-8046,,,
0,303,0,-8046,0,-8046,,,
0,635,0,-8046,0,-8046,,,
0,269,0,-8046,0,-8046,,,
514,-1966,-16,-8046,-16,-8062,,-15,1
50630,-402,-311,-8062,-311,-8373,,-311,0
59625,1740,1583,-8373,1583,-6790,,1583,0
23130,2954,1042,-6790,1042,-5748,,1043,1
0,774,0,-5748,0,-5748,,,
0,3780,0,-5748,0,-5748,,,
0,752,0,-5748,0,-5748,,,
0,-2038,0,-5748,0,-5748,,,
4112,-489,-31,-5748,-31,-5779,,-31,0
56027,-2365,-2022,-5779,-2022,-7801,,-2022,0
65279,1284,1278,-7801,1278,-6523,,1279,1
44976,-898,-617,-6523,-617,-7140,,-616,1
0,-1795,0,-7140,0,-7140,,,
0,-2040,0,-7140,0,-7140,,,
0,-928,0,-7140,0,-7140,,,
0,1410,0,-7140,0,-7140,,,
0,449,0,-7140,0,-7140,,,
0,156,0,-7140,0,-7140,,,
0,-182,0,-7140,0,-7140,,,
0,1547,0,-7140,0,-7140,,,
0,2196,0,-7140,0,-7140,,,
0,37,0,-7140,0,-7140,,,
0,-1432,0,-7140,0,-7140,,,
0,95,0,-7140,0,-7140,,,
0,-1506,0,-7140,0,-7140,,,
0,-1269,0,-7140,0,-7140,,,
0,-2489,0,-7140,0,-7140,,,
0,-2787,0,-7140,0,-7140,,,
29555,-1720,-776,-7140,-776,-7916,,-776,0
65279,316,314,-7916,314,-7602,,315,1
64765,-1797,-1776,-7602,-1776,-9378,,-1776,0
30840,2688,1264,-9378,1264,-8114,,1265,1
0,2598,0,-8114,0,-8114,,,
0,1413,0,-8114,0,-8114,,,
0,-2303,0,-8114,0,-8114,,,
0,-3249,0,-8114,0,-8114,,,
4369,-610,-41,-8114,-41,-8155,,-41,0
57055,-1114,-970,-8155,-970,-9125,,-970,0
65279,-1677,-1671,-9125,-1671,-10796,,-1670,1
57055,-1438,-1252,-10796,-1252,-12048,,-1252,0
0,-525,0,-12048,0,-12048,,,
0,-849,0,-12048,0,-12048,,,
0,-906,0,-12048,0,-12048,,,
0,-1350,0,-12048,0,-12048,,,
0,-26,0,-12048,0,-12048,,,
0,381,0,-12048,0,-12048,,,
0,1033,0,-12048,0,-12048,,,
0,-2096,0,-12048,0,-12048,,,
0,-574,0,-12048,0,-12048,,,
0,15,0,-12048,0,-12048,,,
0,-2051,0,-12048,0,-12048,,,
0,1154,0,-12048,0,-12048,,,
0,616,0,-12048,0,-12048,,,
0,479,0,-12048,0,-12048,,,
0,-2563,0,-12048,0,-12048,,,
1028,-2395,-38,-12048,-38,-12086,,-38,0
48574,-2063,-1530,-12086,-1530,-13616,,-1529,1
65279,-1318,-1313,-13616,-1313,-14929,,-1313,0
61167,-181,-169,-14929,-169,-15098,,-169,0
0,2729,0,-15098,0,-15098,,,
0,4780,0,-15098,0,-15098,,,
0,2323,0,-15098,0,-15098,,,
0,-2016,0,-15098,0,-15098,,,
0,-2073,0,-15098,0,-15098,,,
16191,-1734,-429,-15098,-429,-15527,,-428,1
65279,-1751,-1745,-15527,-1745,-17272,,-1744,1
65279,-1510,-1505,-17272,-1505,-18777,,-1504,1
57055,-2061,-1795,-18777,-1795,-20572,,-1794,1
0,-1203,0,-20572,0,-20572,,,
0,-31,0,-20572,0,-20572,,,
0,-778,0,-20572,0,-20572,,,
0,167,0,-20572,0,-20572,,,
0,546,0,-20572,0,-20572,,,
0,2279,0,-20572,0,-20572,,,
0,1165,0,-20572,0,-20572,,,
0,1713,0,-20572,0,-20572,,,
0,1751,0,-20572,0,-20572,,,
0,1566,0,-20572,0,-20572,,,
0,1683,0,-20572,0,-20572,,,
0,-2061,0,-20572,0,-20572,,,
0,1626,0,-20572,0,-20572,,,
0,-1790,0,-20572,0,-20572,,,
0,-2063,0,-20572,0,-20572,,,
17219,-3204,-842,-20572,-842,-21414,,-842,0
65279,-2982,-2971,-21414,-2971,-24385,,-2970,1
65279,2012,2004,-24385,2004,-22381,,2004,0
48060,-229,-168,-22381,-168,-22549,,-168,0
0,4525,0,-22549,0,-22549,,,
0,1083,0,-22549,0,-22549,,,
0,141,0,-22549,0,-22549,,,
0,-3557,0,-22549,0,-22549,,,
0,-1891,0,-22549,0,-22549,,,
35981,-1103,-606,-22549,-606,-23155,,-606,0
65279,-1011,-1008,-23155,-1008,-24163,,-1007,1
65279,-535,-533,-24163,-533,-24696,,-533,0
32125,-1700,-834,-24696,-834,-25530,,-833,1
0,722,0,-25530,0,-25530,,,
0,-1163,0,-25530,0,-25530,,,
0,-195,0,-25530,0,-25530,,,
0,-2553,0,-25530,0,-25530,,,
0,670,0,-25530,0,-25530,,,
0,-1357,0,-25530,0,-25530,,,
0,538,0,-25530,0,-25530,,,
0,-766,0,-25530,0,-25530,,,
0,1833,0,-25530,0,-25530,,,
0,-1719,0,-25530,0,-25530,,,
0,-2719,0,-25530,0,-25530,,,
0,-2704,0,-25530,0,-25530,,,
0,-2854,0,-25530,0,-25530,,,
0,859,0,-25530,0,-25530,,,
0,-2451,0,-25530,0,-25530,,,
58597,-1911,-1709,-25530,-1709,-27239,,-1709,0
65279,-519,-517,-27239,-517,-27756,,-517,0
65279,895,891,-27756,891,-26865,,891,0
16191,2914,719,-26865,719,-26146,,720,1
0,3921,0,-26146,0,-26146,,,
0,-658,0,-26146,0,-26146,,,
0,-2211,0,-26146,0,-26146,,,
0,-467,0,-26146,0,-26146,,,
0,600,0,-26146,0,-26146,,,
62966,306,294,-26146,294,-25852,,294,0
65279,548,545,-25852,545,-25307,,546,1
60396,1729,1593,-25307,1593,-23714,,1593,0
11565,1506,265,-23714,265,-23449,,266,1
0,-3024,0,-23449,0,-23449,,,
0,189,0,-23449,0,-23449,,,
0,1149,0,-23449,0,-23449,,,
0,-2557,0,-23449,0,-23449,,,
0,-1967,0,-23449,0,-23449,,,
0,-1560,0,-23449,0,-23449,,,
0,-2313,0,-23449,0,-23449,,,
0,-1513,0,-23449,0,-23449,,,
0,-961,0,-23449,0,-23449,,,
0,729,0,-23449,0,-23449,,,
0,-1607,0,-23449,0,-23449,,,
0,-2177,0,-23449,0,-23449,,,
0,129,0,-23449,0,-23449,,,
0,336,0,-23449,0,-23449,,,
25957,1587,628,-23449,628,-22821,,629,1
63737,-1260,-1226,-22821,-1226,-24047,,-1225,1
65279,2871,2859,-24047,2859,-21188,,2860,1
48060,2991,2193,-21188,2193,-18995,,2193,0
1285,3635,71,-18995,71,-18924,,71,0
0,-481,0,-18924,0,-18924,,,
0,-340,0,-18924,0,-18924,,,
0,-2161,0,-18924,0,-18924,,,
0,-477,0,-18924,0,-18924,,,
8738,-1268,-170,-18924,-170,-19094,,-169,1
63737,-2089,-2032,-19094,-2032,-21126,,-2032,0
65279,-1507,-1502,-21126,-1502,-22628,,-1501,1
38808,-1366,-809,-22628,-809,-23437,,-809,0
0,-1592,0,-23437,0,-23437,,,
0,-1017,0,-23437,0,-23437,,,
0,-2021,0,-23437,0,-23437,,,
0,1400,0,-23437,0,-23437,,,
0,-896,0,-23437,0,-23437,,,
0,851,0,-23437,0,-23437,,,
0,-180,0,-23437,0,-23437,,,
0,-1618,0,-23437,0,-23437,,,
0,-1630,0,-23437,0,-23437,,,
0,-1583,0,-23437,0,-23437,,,
0,-1253,0,-23437,0,-23437,,,
0,1363,0,-23437,0,-23437,,,
0,-1733,0,-23437,0,-23437,,,
0,-350,0,-23437,0,-23437,,,
10537,-1937,-312,-23437,-312,-23749,,-311,1
63994,-693,-677,-23749,-677,-24426,,-677,0
65279,834,830,-24426,830,-23596,,831,1
64508,1814,1785,-23596,1785,-21811,,1786,1
16448,-538,-136,-21811,-136,-21947,,-135,1
0,2888,0,-21947,0,-21947,,,
0,-1142,0,-21947,0,-21947,,,
0,819,0,-21947,0,-21947,,,
0,-3380,0,-21947,0,-21947,,,
0,-1108,0,-21947,0,-21947,,,
25443,1486,576,-21947,576,-21371,,577,1
65279,-1891,-1884,-21371,-1884,-23255,,-1884,0
65279,-1386,-1381,-23255,-1381,-24636,,-1381,0
38808,225,133,-24636,133,-24503,,133,0
0,1304,0,-24503,0,-24503,,,
0,-2255,0,-24503,0,-24503,,,
0,-419,0,-24503,0,-24503,,,
0,-884,0,-24503,0,-24503,,,
0,-2521,0,-24503,0,-24503,,,
0,-2360,0,-24503,0,-24503,,,
0,-1863,0,-24503,0,-24503,,,
0,743,0,-24503,0,-24503,,,
0,599,0,-24503,0,-24503,,,
0,1783,0,-24503,0,-24503,,,
0,-822,0,-24503,0,-24503,,,
0,-1876,0,-24503,0,-24503,,,
0,1052,0,-24503,0,-24503,,,
514,1671,13,-24503,13,-24490,,13,0
34696,-546,-290,-24490,-290,-24780,,-289,1
65279,1936,1928,-24780,1928,-22852,,1928,0
65279,2111,2102,-22852,2102,-20750,,2103,1
34953,-123,-66,-20750,-66,-20816,,-66,0
0,2337,0,-20816,0,-20816,,,
0,-1933,0,-20816,0,-20816,,,
0,421,0,-20816,0,-20816,,,
0,-3100,0,-20816,0,-20816,,,
0,1190,0,-20816,0,-20816,,,
0,-1641,0,-20816,0,-20816,,,
25443,-336,-131,-20816,-131,-20947,,-130,1
65279,189,188,-20947,188,-20759,,188,0
65279,-1655,-1649,-20759,-1649,-22408,,-1649,0
32897,-1275,-641,-22408,-641,-23049,,-640,1
0,-152,0,-23049,0,-23049,,,
0,2355,0,-23049,0,-23049,,,
0,2370,0,-23049,0,-23049,,,
0,550,0,-23049,0,-23049,,,
0,148,0,-23049,0,-23049,,,
0,-827,0,-23049,0,-23049,,,
0,-2128,0,-23049,0,-23049,,,
0,-292,0,-23049,0,-23049,,,
0,595,0,-23049,0,-23049,,,
0,-2005,0,-23049,0,-23049,,,
0,-893,0,-23049,0,-23049,,,
0,682,0,-23049,0,-23049,,,
0,245,0,-23049,0,-23049,,,
23644,-1781,-643,-23049,-643,-23692,,-643,0
65279,-1495,-1490,-23692,-1490,-25182,,-1489,1
65279,-941,-938,-25182,-938,-26120,,-937,1
64508,1379,1357,-26120,1357,-24763,,1357,0
15934,-801,-195,-24763,-195,-24958,,-195,0
0,2159,0,-24958,0,-24958,,,
0,-497,0,-24958,0,-24958,,,
0,-2590,0,-24958,0,-24958,,,
0,-2813,0,-24958,0,-24958,,,
0,-671,0,-24958,0,-24958,,,
0,293,0,-24958,0,-24958,,,
47289,-424,-306,-24958,-306,-25264,,-306,0
65279,1784,1777,-25264,1777,-23487,,1777,0
65279,534,531,-23487,531,-22956,,532,1
11051,-1688,-285,-22956,-285,-23241,,-285,0
0,-23,0,-23241,0,-23241,,,
0,979,0,-23241,0,-23241,,,
0,2464,0,-23241,0,-23241,,,
0,1624,0,-23241,0,-23241,,,
0,95,0,-23241,0,-23241,,,
0,41,0,-23241,0,-23241,,,
0,-1935,0,-23241,0,-23241,,,
0,1574,0,-23241,0,-23241,,,
0,-43,0,-23241,0,-23241,,,
0,-1046,0,-23241,0,-23241,,,
0,-2086,0,-23241,0,-23241,,,
0,-2158,0,-23241,0,-23241,,,
0,790,0,-23241,0,-23241,,,
31868,-625,-304,-23241,-304,-23545,,-304,0
65279,2293,2284,-23545,2284,-21261,,2284,0
65279,1809,1801,-21261,1801,-19460,,1802,1
65279,964,960,-19460,960,-18500,,960,0
44205,-1105,-746,-18500,-746,-19246,,-745,1
24158,-181,-67,-19246,-67,-19313,,-67,0
5654,995,85,-19313,85,-19228,,86,1
4626,473,33,-19228,33,-19195,,33,0
2570,1975,77,-19195,77,-19118,,77,0
0,826,0,-19118,0,-19118,,,
14649,1676,374,-19118,374,-18744,,375,1
64765,172,169,-18744,169,-18575,,170,1
65279,2013,2005,-18575,2005,-16570,,2005,0
49602,2863,2166,-16570,2166,-14404,,2167,1
771,610,7,-14404,7,-14397,,7,0
0,1566,0,-14397,0,-14397,,,
0,106,0,-14397,0,-14397,,,
0,2237,0,-14397,0,-14397,,,
0,1352,0,-14397,0,-14397,,,
0,-440,0,-14397,0,-14397,,,
0,367,0,-14397,0,-14397,,,
0,-443,0,-14397,0,-14397,,,
0,1932,0,-14397,0,-14397,,,
0,1657,0,-14397,0,-14397,,,
0,933,0,-14397,0,-14397,,,
0,201,0,-14397,0,-14397,,,
0,-483,0,-14397,0,-14397,,,
0,-1945,0,-14397,0,-14397,,,
38808,-1661,-984,-14397,-984,-15381,,-984,0
65279,1025,1020,-15381,1020,-14361,,1021,1
65279,-152,-152,-14361,-152,-14513,,-151,1
65279,-1027,-1023,-14513,-1023,-15536,,-1023,0
65279,728,725,-15536,725,-14811,,725,0
65279,-780,-777,-14811,-777,-15588,,-777,0
65279,-892,-889,-15588,-889,-16477,,-889,0
60653,367,339,-16477,339,-16138,,340,1
52686,1055,848,-16138,848,-15290,,848,0
29298,959,428,-15290,428,-14862,,429,1
27242,-783,-326,-14862,-326,-15188,,-325,1
65279,2904,2892,-15188,2892,-12296,,2893,1
65279,1159,1154,-12296,1154,-11142,,1154,0
30326,-2060,-954,-11142,-954,-12096,,-953,1
0,1377,0,-12096,0,-12096,,,
0,47,0,-12096,0,-12096,,,
0,2738,0,-12096,0,-12096,,,
0,-382,0,-12096,0,-12096,,,
0,2015,0,-12096,0,-12096,,,
0,2201,0,-12096,0,-12096,,,
0,1874,0,-12096,0,-12096,,,
0,527,0,-12096,0,-12096,,,
0,-2120,0,-12096,0,-12096,,,
0,1114,0,-12096,0,-12096,,,
0,-1633,0,-12096,0,-12096,,,
0,-411,0,-12096,0,-12096,,,
0,1057,0,-12096,0,-12096,,,
0,902,0,-12096,0,-12096,,,
5654,-196,-17,-12096,-17,-12113,,-17,0
29298,-178,-80,-12113,-80,-12193,,-80,0
40093,-1015,-621,-12193,-621,-12814,,-621,0
41378,2061,1301,-12814,1301,-11513,,1301,0
65279,-2115,-2107,-11513,-2107,-13620,,-2107,0
65279,940,936,-13620,936,-12684,,936,0
65279,-65,-65,-12684,-65,-12749,,-65,0
65279,946,942,-12749,942,-11807,,942,0
65279,-1146,-1142,-11807,-1142,-12949,,-1142,0
65279,261,259,-12949,259,-12690,,260,1
65279,1365,1359,-12690,1359,-11331,,1360,1
65279,2373,2363,-11331,2363,-8968,,2364,1
65279,813,809,-8968,809,-8159,,810,1
20817,-1748,-556,-8159,-556,-8715,,-555,1
0,1291,0,-8715,0,-8715,,,
0,1291,0,-8715,0,-8715,,,
0,2430,0,-8715,0,-8715,,,
0,-1386,0,-8715,0,-8715,,,
0,158,0,-8715,0,-8715,,,
0,-1203,0,-8715,0,-8715,,,
0,-606,0,-8715,0,-8715,,,
0,1531,0,-8715,0,-8715,,,
0,2017,0,-8715,0,-8715,,,
0,-524,0,-8715,0,-8715,,,
0,-859,0,-8715,0,-8715,,,
0,1189,0,-8715,0,-8715,,,
0,-1516,0,-8715,0,-8715,,,
0,741,0,-8715,0,-8715,,,
0,-604,0,-8715,0,-8715,,,
0,1309,0,-8715,0,-8715,,,
0,-1118,0,-8715,0,-8715,,,
257,1640,6,-8715,6,-8709,,6,0
2570,1773,69,-8709,69,-8640,,70,1
2570,1101,43,-8640,43,-8597,,43,0
28270,1299,560,-8597,560,-8037,,560,0
36495,841,468,-8037,468,-7569,,468,0
58340,2420,2154,-7569,2154,-5415,,2154,0
61938,308,291,-5415,291,-5124,,291,0
65279,174,173,-5124,173,-4951,,173,0
65279,-1532,-1526,-4951,-1526,-6477,,-1526,0
64765,-1326,-1311,-6477,-1311,-7788,,-1310,1
18761,-1423,-408,-7788,-408,-8196,,-407,1
0,888,0,-8196,0,-8196,,,
0,-1513,0,-8196,0,-8196,,,
0,593,0,-8196,0,-8196,,,
0,-152,0,-8196,0,-8196,,,
0,1916,0,-8196,0,-8196,,,
0,-1956,0,-8196,0,-8196,,,
0,346,0,-8196,0,-8196,,,
0,2261,0,-8196,0,-8196,,,
0,-1173,0,-8196,0,-8196,,,
0,1072,0,-8196,0,-8196,,,
0,-620,0,-8196,0,-8196,,,
0,1040,0,-8196,0,-8196,,,
0,1304,0,-8196,0,-8196,,,
0,-1822,0,-8196,0,-8196,,,
0,-450,0,-8196,0,-8196,,,
0,359,0,-8196,0,-8196,,,
0,1437,0,-8196,0,-8196,,,
0,-427,0,-8196,0,-8196,,,
0,1227,0,-8196,0,-8196,,,
0,-1927,0,-8196,0,-8196,,,
0,-1512,0,-8196,0,-8196,,,
0,1484,0,-8196,0,-8196,,,
0,-1155,0,-8196,0,-8196,,,
21845,934,311,-8196,311,-7885,,311,0
65536,-128,-128,-7885,-128,-8013,,-128,0
65279,1766,1759,-8013,1759,-6254,,1759,0
58340,2302,2049,-6254,2049,-4205,,2049,0
0,2512,0,-4205,0,-4205,,,
0,401,0,-4205,0,-4205,,,
0,125,0,-4205,0,-4205,,,
0,1031,0,-4205,0,-4205,,,
0,-2314,0,-4205,0,-4205,,,
0,-2040,0,-4205,0,-4205,,,
0,1186,0,-4205,0,-4205,,,
0,403,0,-4205,0,-4205,,,
0,1638,0,-4205,0,-4205,,,
0,943,0,-4205,0,-4205,,,
0,-2262,0,-4205,0,-4205,,,
0,-1940,0,-4205,0,-4205,,,
0,1200,0,-4205,0,-4205,,,
0,-1527,0,-4205,0,-4205,,,
0,2280,0,-4205,0,-4205,,,
0,1034,0,-4205,0,-4205,,,
0,411,0,-4205,0,-4205,,,
0,163,0,-4205,0,-4205,,,
0,-2246,0,-4205,0,-4205,,,
0,-2399,0,-4205,0,-4205,,,
0,-401,0,-4205,0,-4205,,,
0,-1052,0,-4205,0,-4205,,,
0,-426,0,-4205,0,-4205,,,
0,1049,0,-4205,0,-4205,,,
33411,-956,-488,-4205,-488,-4693,,-487,1
65279,789,785,-4693,785,-3908,,786,1
65279,-1280,-1275,-3908,-1275,-5183,,-1275,0
58340,-730,-650,-5183,-650,-5833,,-650,0
0,-1471,0,-5833,0,-5833,,,
0,1849,0,-5833,0,-5833,,,
0,-1875,0,-5833,0,-5833,,,
0,-1532,0,-5833,0,-5833,,,
0,-517,0,-5833,0,-5833,,,
0,-1570,0,-5833,0,-5833,,,
0,-2059,0,-5833,0,-5833,,,
0,2068,0,-5833,0,-5833,,,
0,1421,0,-5833,0,-5833,,,
0,-1801,0,-5833,0,-5833,,,
0,-1180,0,-5833,0,-5833,,,
0,1984,0,-5833,0,-5833,,,
0,1120,0,-5833,0,-5833,,,
0,1902,0,-5833,0,-5833,,,
0,-763,0,-5833,0,-5833,,,
0,1169,0,-5833,0,-5833,,,
0,342,0,-5833,0,-5833,,,
0,-1448,0,-5833,0,-5833,,,
0,857,0,-5833,0,-5833,,,
0,191,0,-5833,0,-5833,,,
0,1095,0,-5833,0,-5833,,,
0,72,0,-5833,0,-5833,,,
0,421,0,-5833,0,-5833,,,
0,-752,0,-5833,0,-5833,,,
37009,-946,-535,-5833,-535,-6368,,-534,1
65279,1854,1846,-6368,1846,-4522,,1847,1
65279,379,377,-4522,377,-4145,,378,1
31097,1789,848,-4145,848,-3297,,849,1
0,1462,0,-3297,0,-3297,,,
0,-901,0,-3297,0,-3297,,,
0,-1195,0,-3297,0,-3297,,,
0,2087,0,-3297,0,-3297,,,
0,-443,0,-3297,0,-3297,,,
0,-2078,0,-3297,0,-3297,,,
0,-278,0,-3297,0,-3297,,,
0,1315,0,-3297,0,-3297,,,
0,1550,0,-3297,0,-3297,,,
0,-1850,0,-3297,0,-3297,,,
0,-467,0,-3297,0,-3297,,,
0,-1842,0,-3297,0,-3297,,,
0,-141,0,-3297,0,-3297,,,
0,-1125,0,-3297,0,-3297,,,
0,623,0,-3297,0,-3297,,,
0,1020,0,-3297,0,-3297,,,
0,-2566,0,-3297,0,-3297,,,
0,-89,0,-3297,0,-3297,,,
0,2977,0,-3297,0,-3297,,,
0,84,0,-3297,0,-3297,,,
0,244,0,-3297,0,-3297,,,
0,-801,0,-3297,0,-3297,,,
0,1558,0,-3297,0,-3297,,,
0,1314,0,-3297,0,-3297,,,
53714,-1613,-1323,-3297,-1323,-4620,,-1322,1
65279,-1765,-1759,-4620,-1759,-6379,,-1758,1
65279,791,787,-6379,787,-5592,,788,1
10794,1988,327,-5592,327,-5265,,327,0
0,-186,0,-5265,0,-5265,,,
0,811,0,-5265,0,-5265,,,
0,1131,0,-5265,0,-5265,,,
0,896,0,-5265,0,-5265,,,
0,-471,0,-5265,0,-5265,,,
0,-2355,0,-5265,0,-5265,,,
0,-1159,0,-5265,0,-5265,,,
0,-169,0,-5265,0,-5265,,,
0,-1870,0,-5265,0,-5265,,,
0,127,0,-5265,0,-5265,,,
0,1269,0,-5265,0,-5265,,,
0,-2292,0,-5265,0,-5265,,,
0,-1612,0,-5265,0,-5265,,,
0,-560,0,-5265,0,-5265,,,
0,-140,0,-5265,0,-5265,,,
0,-386,0,-5265,0,-5265,,,
0,-2219,0,-5265,0,-5265,,,
0,-1276,0,-5265,0,-5265,,,
0,1327,0,-5265,0,-5265,,,
0,1319,0,-5265,0,-5265,,,
0,-467,0,-5265,0,-5265,,,
0,-2127,0,-5265,0,-5265,,,
0,253,0,-5265,0,-5265,,,
0,-1840,0,-5265,0,-5265,,,
21845,-1526,-509,-5265,-509,-5774,,-509,0
58854,-1664,-1495,-5774,-1495,-7269,,-1494,1
26985,114,46,-7269,46,-7223,,47,1
514,-2210,-18,-7223,-18,-7241,,-17,1
0,-562,0,-7241,0,-7241,,,
0,54,0,-7241,0,-7241,,,
0,-1479,0,-7241,0,-7241,,,
0,1020,0,-7241,0,-7241,,,
0,-260,0,-7241,0,-7241,,,
0,1146,0,-7241,0,-7241,,,
0,-1311,0,-7241,0,-7241,,,
0,2247,0,-7241,0,-7241,,,
0,-1156,0,-7241,0,-7241,,,
0,531,0,-7241,0,-7241,,,
0,-2003,0,-7241,0,-7241,,,
0,-833,0,-7241,0,-7241,,,
0,-474,0,-7241,0,-7241,,,
0,1221,0,-7241,0,-7241,,,
0,-693,0,-7241,0,-7241,,,
0,879,0,-7241,0,-7241,,,
0,1888,0,-7241,0,-7241,,,
0,981,0,-7241,0,-7241,,,
0,-1097,0,-7241,0,-7241,,,
0,-21,0,-7241,0,-7241,,,
0,-238,0,-7241,0,-7241,,,
0,-108,0,-7241,0,-7241,,,
0,-1500,0,-7241,0,-7241,,,
0,-1789,0,-7241,0,-7241,,,
0,-1905,0,-7241,0,-7241,,,
0,-2181,0,-7241,0,-7241,,,
0,-2290,0,-7241,0,-7241,,,
0,-1996,0,-7241,0,-7241,,,
0,1659,0,-7241,0,-7241,,,
0,-1234,0,-7241,0,-7241,,,
0,1679,0,-7241,0,-7241,,,
0,-1267,0,-7241,0,-7241,,,
0,-2132,0,-7241,0,-7241,,,
0,-1511,0,-7241,0,-7241,,,
0,-475,0,-7241,0,-7241,,,
0,2261,0,-7241,0,-7241,,,
0,-832,0,-7241,0,-7241,,,
0,1184,0,-7241,0,-7241,,,
0,-176,0,-7241,0,-7241,,,
0,-1240,0,-7241,0,-7241,,,
0,-1865,0,-7241,0,-7241,,,
0,1134,0,-7241,0,-7241,,,
0,856,0,-7241,0,-7241,,,
0,41,0,-7241,0,-7241,,,
0,1960,0,-7241,0,-7241,,,
0,-1050,0,-7241,0,-7241,,,
0,255,0,-7241,0,-7241,,,
0,1651,0,-7241,0,-7241,,,
0,-1960,0,-7241,0,-7241,,,
0,25,0,-7241,0,-7241,,,
0,-194,0,-7241,0,-7241,,,
0,-1842,0,-7241,0,-7241,,,
0,1477,0,-7241,0,-7241,,,
0,-1235,0,-7241,0,-7241,,,
0,-14,0,-7241,0,-7241,,,
0,-2355,0,-7241,0,-7241,,,
0,97,0,-7241,0,-7241,,,
0,-460,0,-7241,0,-7241,,,
0,-2336,0,-7241,0,-7241,,,
0,2048,0,-7241,0,-7241,,,
0,-2177,0,-7241,0,-7241,,,
0,-314,0,-7241,0,-7241,,,
0,2292,0,-7241,0,-7241,,,
0,-895,0,-7241,0,-7241,,,
0,1558,0,-7241,0,-7241,,,
0,-1845,0,-7241,0,-7241,,,
0,51,0,-7241,0,-7241,,,
0,-226,0,-7241,0,-7241,,,
0,-850,0,-7241,0,-7241,,,
0,-1626,0,-7241,0,-7241,,,
0,757,0,-7241,0,-7241,,,
0,-2290,0,-7241,0,-7241,,,
0,69,0,-7241,0,-7241,,,
0,837,0,-7241,0,-7241,,,
0,-138,0,-7241,0,-7241,,,
0,1958,0,-7241,0,-7241,,,
0,1599,0,-7241,0,-7241,,,
0,925,0,-7241,0,-7241,,,
0,834,0,-7241,0,-7241,,,
0,198,0,-7241,0,-7241,,,
0,855,0,-7241,0,-7241,,,
0,-119,0,-7241,0,-7241,,,
0,1241,0,-7241,0,-7241,,,
0,-1001,0,-7241,0,-7241,,,
0,668,0,-7241,0,-7241,,,
0,2018,0,-7241,0,-7241,,,
0,-679,0,-7241,0,-7241,,,
0,2145,0,-7241,0,-7241,,,
0,-1188,0,-7241,0,-7241,,,
0,487,0,-7241,0,-7241,,,
0,1276,0,-7241,0,-7241,,,
0,1686,0,-7241,0,-7241,,,
0,-1692,0,-7241,0,-7241,,,
0,0,0,-7241,-851,-8092,,,
30032,1819,833,0,833,833,,834,1
0,3941,0,833,0,833,,,
50105,-380,-291,833,-291,542,,-291,0
49650,99,75,542,75,617,,75,0
0,1470,0,617,0,617,,,
0,-1998,0,617,0,617,,,
26166,-2655,-1061,617,-1061,-444,,-1060,1
15317,-1519,-356,-444,-356,-800,,-355,1
0,-3598,0,-800,0,-800,,,
64494,205,201,-800,201,-599,,202,1
11841,2275,411,-599,411,-188,,411,0
0,-868,0,-188,0,-188,,,
0,1708,0,-188,0,-188,,,
22526,3761,1292,-188,1292,1104,,1293,1
38919,-3488,-2072,1104,-2072,-968,,-2071,1
0,2706,0,-968,0,-968,,,
0,2921,0,-968,0,-968,,,
0,-814,0,-968,0,-968,,,
0,-457,0,-968,0,-968,,,
1500,2155,49,-968,49,-919,,49,0
21376,-1792,-585,-919,-585,-1504,,-585,0
8999,-874,-121,-1504,-121,-1625,,-120,1
32511,179,88,-1625,88,-1537,,89,1
27503,-2957,-1241,-1537,-1241,-2778,,-1241,0
0,2594,0,-2778,0,-2778,,,
0,-1579,0,-2778,0,-2778,,,
9851,-1536,-231,-2778,-231,-3009,,-231,0
0,3434,0,-3009,0,-3009,,,
13920,-2697,-573,-3009,-573,-3582,,-573,0
49456,1492,1125,-3582,1125,-2457,,1126,1
14633,-1580,-353,-2457,-353,-2810,,-353,0
0,2612,0,-2810,0,-2810,,,
0,932,0,-2810,0,-2810,,,
95947,234,342,-2810,342,-2468,,343,1
0,-1810,0,-2468,0,-2468,,,
0,2472,0,-2468,0,-2468,,,
29976,2207,1009,-2468,1009,-1459,,1009,0
0,-89,0,-1459,0,-1459,,,
20231,-239,-74,-1459,-74,-1533,,-74,0
27970,-1236,-528,-1533,-528,-2061,,-528,0
5109,1285,100,-2061,100,-1961,,100,0
0,1302,0,-1961,0,-1961,,,
0,-4,0,-1961,0,-1961,,,
0,4831,0,-1961,0,-1961,,,
0,2049,0,-1961,0,-1961,,,
0,758,0,-1961,0,-1961,,,
1018,3191,49,-1961,49,-1912,,50,1
0,-589,0,-1912,0,-1912,,,
14553,-2003,-445,-1912,-445,-2357,,-445,0
1241,-3018,-58,-2357,-58,-2415,,-57,1
17233,-1826,-481,-2415,-481,-2896,,-480,1
3722,-568,-33,-2896,-33,-2929,,-32,1
0,1658,0,-2929,0,-2929,,,
0,-1666,0,-2929,0,-2929,,,
0,-2840,0,-2929,0,-2929,,,
0,-158,0,-2929,0,-2929,,,
0,3235,0,-2929,0,-2929,,,
0,-3037,0,-2929,0,-2929,,,
0,1351,0,-2929,0,-2929,,,
43117,-4414,-2905,-2929,-2905,-5834,,-2904,1
0,943,0,-5834,0,-5834,,,
0,-1661,0,-5834,0,-5834,,,
0,4122,0,-5834,0,-5834,,,
0,1326,0,-5834,0,-5834,,,
0,3199,0,-5834,0,-5834,,,
0,-1041,0,-5834,0,-5834,,,
0,1202,0,-5834,0,-5834,,,
0,-917,0,-5834,0,-5834,,,
0,-2222,0,-5834,0,-5834,,,
36210,2112,1166,-5834,1166,-4668,,1167,1
0,1597,0,-4668,0,-4668,,,
39684,-1602,-971,-4668,-971,-5639,,-970,1
0,1342,0,-5639,0,-5639,,,
0,1511,0,-5639,0,-5639,,,
0,1991,0,-5639,0,-5639,,,
0,4378,0,-5639,0,-5639,,,
0,-1450,0,-5639,0,-5639,,,
0,3577,0,-5639,0,-5639,,,
0,-59,0,-5639,0,-5639,,,
0,3046,0,-5639,0,-5639,,,
29698,281,127,-5639,127,-5512,,127,0
35530,-3341,-1812,-5512,-1812,-7324,,-1811,1
45502,785,545,-7324,545,-6779,,545,0
0,2192,0,-6779,0,-6779,,,
0,-2219,0,-6779,0,-6779,,,
0,-2313,0,-6779,0,-6779,,,
12307,-2003,-377,-6779,-377,-7156,,-376,1
0,-3077,0,-7156,0,-7156,,,
0,775,0,-7156,0,-7156,,,
0,246,0,-7156,0,-7156,,,
0,361,0,-7156,0,-7156,,,
0,-423,0,-7156,0,-7156,,,
0,1562,0,-7156,0,-7156,,,
0,-3053,0,-7156,0,-7156,,,
0,1893,0,-7156,0,-7156,,,
0,664,0,-7156,0,-7156,,,
0,-1653,0,-7156,0,-7156,,,
0,521,0,-7156,0,-7156,,,
18024,-504,-139,-7156,-139,-7295,,-139,0
2182,-2461,-82,-7295,-82,-7377,,-82,0
0,-3824,0,-7377,0,-7377,,,
18894,-2472,-713,-7377,-713,-8090,,-713,0
0,-1450,0,-8090,0,-8090,,,
38657,-1861,-1098,-8090,-1098,-9188,,-1098,0
4579,885,61,-9188,61,-9127,,62,1
26986,-3380,-1392,-9127,-1392,-10519,,-1392,0
16177,-2696,-666,-10519,-666,-11185,,-665,1
5566,2959,251,-11185,251,-10934,,251,0
0,1401,0,-10934,0,-10934,,,
25326,-1479,-572,-10934,-572,-11506,,-572,0
14261,1066,231,-11506,231,-11275,,232,1
0,-2506,0,-11275,0,-11275,,,
49598,-355,-269,-11275,-269,-11544,,-269,0
0,1255,0,-11544,0,-11544,,,
57394,1522,1332,-11544,1332,-10212,,1333,1
0,1263,0,-10212,0,-10212,,,
0,859,0,-10212,0,-10212,,,
0,-809,0,-10212,0,-10212,,,
0,-190,0,-10212,0,-10212,,,
0,1832,0,-10212,0,-10212,,,
0,2145,0,-10212,0,-10212,,,
0,1060,0,-10212,0,-10212,,,
0,4561,0,-10212,0,-10212,,,
0,-1671,0,-10212,0,-10212,,,
14480,-269,-60,-10212,-60,-10272,,-59,1
41143,-235,-148,-10272,-148,-10420,,-148,0
0,1680,0,-10420,0,-10420,,,
1647,-2584,-65,-10420,-65,-10485,,-65,0
0,2070,0,-10485,0,-10485,,,
0,-1405,0,-10485,0,-10485,,,
44239,-3608,-2436,-10485,-2436,-12921,,-2436,0
10078,-1074,-166,-12921,-166,-13087,,-165,1
19200,2408,705,-13087,705,-12382,,705,0
0,-2506,0,-12382,0,-12382,,,
0,3887,0,-12382,0,-12382,,,
0,2916,0,-12382,0,-12382,,,
41255,540,339,-12382,339,-12043,,340,1
0,-1797,0,-12043,0,-12043,,,
44479,962,652,-12043,652,-11391,,653,1
0,87,0,-11391,0,-11391,,,
13709,-1580,-331,-11391,-331,-11722,,-331,0
0,-832,0,-11722,0,-11722,,,
20304,3551,1100,-11722,1100,-10622,,1100,0
32761,1772,885,-10622,885,-9737,,886,1
0,-1293,0,-9737,0,-9737,,,
5068,2211,170,-9737,170,-9567,,171,1
0,-741,0,-9567,0,-9567,,,
0,2528,0,-9567,0,-9567,,,
42386,2405,1555,-9567,1555,-8012,,1555,0
44857,2353,1610,-8012,1610,-6402,,1611,1
7612,-3253,-378,-6402,-378,-6780,,-378,0
61291,1804,1687,-6780,1687,-5093,,1687,0
0,3164,0,-5093,0,-5093,,,
43217,2391,1576,-5093,1576,-3517,,1577,1
37706,1889,1086,-3517,1086,-2431,,1087,1
39962,-1390,-848,-2431,-848,-3279,,-848,0
0,2450,0,-3279,0,-3279,,,
37742,-1520,-876,-3279,-876,-4155,,-875,1
0,1893,0,-4155,0,-4155,,,
17617,4651,1250,-4155,1250,-2905,,1250,0
0,2308,0,-2905,0,-2905,,,
0,2320,0,-2905,0,-2905,,,
28816,844,371,-2905,371,-2534,,371,0
0,1500,0,-2534,0,-2534,,,
0,-3550,0,-2534,0,-2534,,,
0,-2194,0,-2534,0,-2534,,,
0,-133,0,-2534,0,-2534,,,
55956,2504,2137,-2534,2137,-397,,2138,1
0,-2902,0,-397,0,-397,,,
0,3224,0,-397,0,-397,,,
0,835,0,-397,0,-397,,,
0,1735,0,-397,0,-397,,,
0,3687,0,-397,0,-397,,,
0,1875,0,-397,0,-397,,,
0,-1033,0,-397,0,-397,,,
0,1513,0,-397,0,-397,,,
29067,687,304,-397,304,-93,,305,1
22111,1269,428,-93,428,335,,428,0
0,460,0,335,0,335,,,
0,1996,0,335,0,335,,,
0,845,0,335,0,335,,,
0,1594,0,335,0,335,,,
0,339,0,335,0,335,,,
0,1895,0,335,0,335,,,
0,-774,0,335,0,335,,,
0,-24,0,335,0,335,,,
0,658,0,335,0,335,,,
4298,-1926,-127,335,-127,208,,-126,1
7055,-820,-89,208,-89,119,,-88,1
0,515,0,119,0,119,,,
2419,-3046,-113,119,-113,6,,-112,1
0,3267,0,6,0,6,,,
40621,-113,-71,6,-71,-65,,-70,1
0,875,0,-65,0,-65,,,
14435,3143,692,-65,692,627,,692,0
0,-759,0,627,0,627,,,
3012,-3462,-160,627,-160,467,,-159,1
0,-771,0,467,0,467,,,
14488,-1326,-294,467,-294,173,,-293,1
0,1832,0,173,0,173,,,
0,-261,0,173,0,173,,,
0,1363,0,173,0,173,,,
4988,2396,182,173,182,355,,182,0
0,4049,0,355,0,355,,,
0,-1234,0,355,0,355,,,
47853,1034,755,355,755,1110,,755,0
0,-1766,0,1110,0,1110,,,
0,2520,0,1110,0,1110,,,
0,1269,0,1110,0,1110,,,
0,3262,0,1110,0,1110,,,
0,3269,0,1110,0,1110,,,
18498,1809,510,1110,510,1620,,511,1
0,4561,0,1620,0,1620,,,
12832,1579,309,1620,309,1929,,309,0
6605,880,88,1929,88,2017,,89,1
20084,-1047,-321,2017,-321,1696,,-321,0
7650,-3187,-373,1696,-373,1323,,-372,1
0,2384,0,1323,0,1323,,,
0,2856,0,1323,0,1323,,,
1681,3231,82,1323,82,1405,,83,1
24164,-2203,-813,1405,-813,592,,-812,1
10290,2373,372,592,372,964,,373,1
0,1947,0,964,0,964,,,
38073,-355,-207,964,-207,757,,-206,1
58707,1088,974,757,974,1731,,975,1
26586,1974,800,1731,800,2531,,801,1
27608,2162,910,2531,910,3441,,911,1
6047,883,81,3441,81,3522,,81,0
0,-2292,0,3522,0,3522,,,
704,204,2,3522,2,3524,,2,0
15605,2134,508,3524,508,4032,,508,0
58918,1887,1696,4032,1696,5728,,1696,0
45527,1330,923,5728,923,6651,,924,1
0,1538,0,6651,0,6651,,,
45470,879,609,6651,609,7260,,610,1
77675,1387,1643,7260,1643,8903,,1644,1
38407,-449,-264,8903,-264,8639,,-263,1
37441,-718,-411,8639,-411,8228,,-410,1
0,2449,0,8228,0,8228,,,
0,546,0,8228,0,8228,,,
7508,-2696,-309,8228,-309,7919,,-309,0
0,1851,0,7919,0,7919,,,
0,2679,0,7919,0,7919,,,
49543,-4378,-3310,7919,-3310,4609,,-3310,0
0,-1441,0,4609,0,4609,,,
0,1813,0,4609,0,4609,,,
0,-2789,0,4609,0,4609,,,
21120,-1694,-546,4609,-546,4063,,-546,0
0,1560,0,4063,0,4063,,,
4278,53,3,4063,3,4066,,3,0
0,4064,0,4066,0,4066,,,
0,2142,0,4066,0,4066,,,
5072,1293,100,4066,100,4166,,100,0
32224,-1221,-601,4166,-601,3565,,-600,1
0,3274,0,3565,0,3565,,,
4596,-102,-8,3565,-8,3557,,-7,1
6916,-1798,-190,3557,-190,3367,,-190,0
53149,-615,-499,3367,-499,2868,,-499,0
1490,747,16,2868,16,2884,,17,1
864,2335,30,2884,30,2914,,31,1
35542,580,314,2914,314,3228,,315,1
0,1287,0,3228,0,3228,,,
934,-2155,-31,3228,-31,3197,,-31,0
0,1017,0,3197,0,3197,,,
0,683,0,3197,0,3197,,,
11740,899,161,3197,161,3358,,161,0
7515,1130,129,3358,129,3487,,130,1
0,2639,0,3487,0,3487,,,
9952,698,105,3487,105,3592,,106,1
0,214,0,3592,0,3592,,,
7352,-180,-21,3592,-21,3571,,-20,1
8959,-448,-62,3571,-62,3509,,-61,1
0,497,0,3509,0,3509,,,
0,1559,0,3509,0,3509,,,
0,2796,0,3509,0,3509,,,
1271,-3490,-68,3509,-68,3441,,-68,0
49589,4040,3056,3441,3056,6497,,3057,1
7694,3590,421,6497,421,6918,,421,0
0,-494,0,6918,0,6918,,,
0,1255,0,6918,0,6918,,,
52730,-2533,-2039,6918,-2039,4879,,-2038,1
0,454,0,4879,0,4879,,,
7460,-1855,-212,4879,-212,4667,,-211,1
16364,409,102,4667,102,4769,,102,0
0,1292,0,4769,0,4769,,,
0,-2650,0,4769,0,4769,,,
0,-253,0,4769,0,4769,,,
0,-291,0,4769,0,4769,,,
0,1100,0,4769,0,4769,,,
0,3592,0,4769,0,4769,,,
0,1631,0,4769,0,4769,,,
41816,2771,1768,4769,1768,6537,,1768,0
0,-1045,0,6537,0,6537,,,
0,-2049,0,6537,0,6537,,,
0,-672,0,6537,0,6537,,,
0,-523,0,6537,0,6537,,,
17055,-2383,-621,6537,-621,5916,,-620,1
0,3776,0,5916,0,5916,,,
24424,381,141,5916,141,6057,,142,1
0,350,0,6057,0,6057,,,
15986,4558,1111,6057,1111,7168,,1112,1
4984,230,17,7168,17,7185,,17,0
0,-83,0,7185,0,7185,,,
29475,-1782,-802,7185,-802,6383,,-801,1
7493,-961,-110,6383,-110,6273,,-110,0
0,-3250,0,6273,0,6273,,,
0,-570,0,6273,0,6273,,,
0,135,0,6273,0,6273,,,
10602,-3675,-595,6273,-595,5678,,-595,0
46401,-1145,-811,5678,-811,4867,,-811,0
0,1827,0,4867,0,4867,,,
0,1377,0,4867,0,4867,,,
0,2003,0,4867,0,4867,,,
0,1016,0,4867,0,4867,,,
0,3949,0,4867,0,4867,,,
2160,1415,46,4867,46,4913,,47,1
39456,3727,2243,4913,2243,7156,,2244,1
0,3004,0,7156,0,7156,,,
34004,2198,1140,7156,1140,8296,,1140,0
11994,388,71,8296,71,8367,,71,0
0,-1177,0,8367,0,8367,,,
14417,2672,587,8367,587,8954,,588,1
0,-1451,0,8954,0,8954,,,
0,627,0,8954,0,8954,,,
0,-620,0,8954,0,8954,,,
0,-1995,0,8954,0,8954,,,
0,-52,0,8954,0,8954,,,
0,-1705,0,8954,0,8954,,,
0,-2122,0,8954,0,8954,,,
40369,-1661,-1024,8954,-1024,7930,,-1023,1
0,363,0,7930,0,7930,,,
0,2247,0,7930,0,7930,,,
0,-2438,0,7930,0,7930,,,
13149,-1632,-328,7930,-328,7602,,-327,1
0,-363,0,7602,0,7602,,,
40471,1254,774,7602,774,8376,,774,0
1437,8,0,8376,0,8376,,0,0
0,3575,0,8376,0,8376,,,
0,-2233,0,8376,0,8376,,,
7682,-291,-35,8376,-35,8341,,-34,1
4759,-2191,-160,8341,-160,8181,,-159,1
0,1167,0,8181,0,8181,,,
0,-2693,0,8181,0,8181,,,
0,-173,0,8181,0,8181,,,
0,242,0,8181,0,8181,,,
0,83,0,8181,0,8181,,,
21528,756,248,8181,248,8429,,248,0
0,1970,0,8429,0,8429,,,
0,3404,0,8429,0,8429,,,
0,-1903,0,8429,0,8429,,,
0,-2383,0,8429,0,8429,,,
0,731,0,8429,0,8429,,,
40880,-586,-366,8429,-366,8063,,-366,0
0,-1121,0,8063,0,8063,,,
20042,-2734,-837,8063,-837,7226,,-836,1
0,-860,0,7226,0,7226,,,
30599,-2225,-1039,7226,-1039,6187,,-1039,0
0,1975,0,6187,0,6187,,,
0,2250,0,6187,0,6187,,,
17756,1824,494,6187,494,6681,,494,0
0,-2499,0,6681,0,6681,,,
0,-779,0,6681,0,6681,,,
34818,-5080,-2699,6681,-2699,3982,,-2699,0
22707,5405,1872,3982,1872,5854,,1873,1
11470,-1330,-233,5854,-233,5621,,-233,0
42578,-1328,-863,5621,-863,4758,,-863,0
0,2417,0,4758,0,4758,,,
0,1626,0,4758,0,4758,,,
0,-1453,0,4758,0,4758,,,
0,2883,0,4758,0,4758,,,
0,3688,0,4758,0,4758,,,
21201,2386,771,4758,771,5529,,772,1
0,5530,0,5529,0,5529,,,
0,-1946,0,5529,0,5529,,,
0,657,0,5529,0,5529,,,
0,429,0,5529,0,5529,,,
0,1833,0,5529,0,5529,,,
10801,393,64,5529,64,5593,,65,1
0,-2839,0,5593,0,5593,,,
8267,1618,204,5593,204,5797,,204,0
186,430,1,5797,1,5798,,1,0
18362,946,265,5798,265,6063,,265,0
1429,-3218,-71,6063,-71,5992,,-70,1
0,-1114,0,5992,0,5992,,,
0,676,0,5992,0,5992,,,
22495,86,29,5992,29,6021,,30,1
0,-138,0,6021,0,6021,,,
0,-428,0,6021,0,6021,,,
53214,1213,984,6021,984,7005,,985,1
0,470,0,7005,0,7005,,,
0,2118,0,7005,0,7005,,,
73015,2356,2624,7005,2624,9629,,2625,1
0,1194,0,9629,0,9629,,,
5455,924,76,9629,76,9705,,77,1
403,2506,15,9705,15,9720,,15,0
0,3259,0,9720,0,9720,,,
1918,-1370,-41,9720,-41,9679,,-40,1
1409,-1409,-31,9679,-31,9648,,-30,1
0,-2708,0,9648,0,9648,,,
0,2192,0,9648,0,9648,,,
0,-357,0,9648,0,9648,,,
33162,-1024,-519,9648,-519,9129,,-518,1
0,2727,0,9129,0,9129,,,
0,-2909,0,9129,0,9129,,,
0,3027,0,9129,0,9129,,,
48742,922,685,9129,685,9814,,686,1
32712,-1694,-846,9814,-846,8968,,-846,0
0,4889,0,8968,0,8968,,,
27468,261,109,8968,109,9077,,109,0
45969,-2554,-1792,9077,-1792,7285,,-1791,1
54227,261,215,7285,215,7500,,216,1
45007,1894,1300,7500,1300,8800,,1301,1
40531,-2733,-1691,8800,-1691,7109,,-1690,1
3270,1807,90,7109,90,7199,,90,0
28925,-556,-246,7199,-246,6953,,-245,1
0,116,0,6953,0,6953,,,
0,2730,0,6953,0,6953,,,
0,2822,0,6953,0,6953,,,
0,-2571,0,6953,0,6953,,,
0,-42,0,6953,0,6953,,,
62092,2886,2734,6953,2734,9687,,2734,0
0,1748,0,9687,0,9687,,,
44509,873,592,9687,592,10279,,593,1
0,2037,0,10279,0,10279,,,
0,-2578,0,10279,0,10279,,,
0,-1596,0,10279,0,10279,,,
0,1327,0,10279,0,10279,,,
62602,-1223,-1169,10279,-1169,9110,,-1168,1
0,2402,0,9110,0,9110,,,
0,-27,0,9110,0,9110,,,
43323,-1951,-1290,9110,-1290,7820,,-1290,0
0,-1097,0,7820,0,7820,,,
0,436,0,7820,0,7820,,,
0,-1597,0,7820,0,7820,,,
0,-225,0,7820,0,7820,,,
0,2432,0,7820,0,7820,,,
0,1007,0,7820,0,7820,,,
0,-897,0,7820,0,7820,,,
24450,986,367,7820,367,8187,,368,1
0,-90,0,8187,0,8187,,,
8084,2410,297,8187,297,8484,,297,0
4113,-257,-17,8484,-17,8467,,-16,1
0,2122,0,8467,0,8467,,,
37409,-5365,-3063,8467,-3063,5404,,-3062,1
0,94,0,5404,0,5404,,,
17260,-1317,-347,5404,-347,5057,,-347,0
26567,1926,780,5057,780,5837,,781,1
32382,1905,941,5837,941,6778,,941,0
0,-2659,0,6778,0,6778,,,
34908,-2897,-1544,6778,-1544,5234,,-1543,1
0,-568,0,5234,0,5234,,,
0,2352,0,5234,0,5234,,,
0,1470,0,5234,0,5234,,,
14245,2011,437,5234,437,5671,,437,0
0,1699,0,5671,0,5671,,,
0,-2206,0,5671,0,5671,,,
9160,-1987,-278,5671,-278,5393,,-278,0
31004,2557,1209,5393,1209,6602,,1210,1
0,-1042,0,6602,0,6602,,,
20005,2275,694,6602,694,7296,,694,0
35983,-2548,-1399,7296,-1399,5897,,-1399,0
1513,-2255,-53,5897,-53,5844,,-52,1
0,232,0,5844,0,5844,,,
17109,1795,468,5844,468,6312,,469,1
33078,980,494,6312,494,6806,,495,1
0,-939,0,6806,0,6806,,,
0,3013,0,6806,0,6806,,,
1221,-3962,-74,6806,-74,6732,,-74,0
0,-2286,0,6732,0,6732,,,
49265,-894,-673,6732,-673,6059,,-672,1
30843,-2522,-1187,6059,-1187,4872,,-1187,0
0,-268,0,4872,0,4872,,,
41528,-2556,-1620,4872,-1620,3252,,-1620,0
64568,793,781,3252,781,4033,,781,0
75044,169,193,4033,193,4226,,194,1
5105,-528,-42,4226,-42,4184,,-41,1
0,142,0,4184,0,4184,,,
0,1052,0,4184,0,4184,,,
0,1815,0,4184,0,4184,,,
579,-493,-5,4184,-5,4179,,-4,1
0,-1848,0,4179,0,4179,,,
0,1158,0,4179,0,4179,,,
0,1163,0,4179,0,4179,,,
0,-3831,0,4179,0,4179,,,
0,-1359,0,4179,0,4179,,,
16879,778,200,4179,200,4379,,200,0
0,873,0,4379,0,4379,,,
0,466,0,4379,0,4379,,,
0,1030,0,4379,0,4379,,,
0,-2599,0,4379,0,4379,,,
0,-1892,0,4379,0,4379,,,
0,-3473,0,4379,0,4379,,,
0,-1640,0,4379,0,4379,,,
0,-2380,0,4379,0,4379,,,
37940,2574,1490,4379,1490,5869,,1490,0
0,1734,0,5869,0,5869,,,
0,-436,0,5869,0,5869,,,
54472,-1473,-1225,5869,-1225,4644,,-1224,1
0,864,0,4644,0,4644,,,
0,1967,0,4644,0,4644,,,
0,-2448,0,4644,0,4644,,,
3132,1890,90,4644,90,4734,,90,0
0,3296,0,4734,0,4734,,,
0,337,0,4734,0,4734,,,
0,954,0,4734,0,4734,,,
8752,1133,151,4734,151,4885,,151,0
8630,-1242,-164,4885,-164,4721,,-164,0
26026,667,264,4721,264,4985,,265,1
0,-571,0,4985,0,4985,,,
58137,1872,1660,4985,1660,6645,,1661,1
3479,753,39,6645,39,6684,,40,1
43020,217,142,6684,142,6826,,142,0
0,0,0,6826,4559,11385,,,
0,-1028,0,0,0,0,,,
64650,-4472,-4412,0,-4412,-4412,,-4412,0
14444,-4857,-1071,-4412,-1071,-5483,,-1070,1
45935,-3101,-2174,-5483,-2174,-7657,,-2174,0
0,2738,0,-7657,0,-7657,,,
11385,9733,1690,-7657,1690,-5967,,1691,1
0,-7033,0,-5967,0,-5967,,,
0,1612,0,-5967,0,-5967,,,
48638,-6084,-4516,-5967,-4516,-10483,,-4515,1
2413,-2901,-107,-10483,-107,-10590,,-107,0
47177,2943,2118,-10590,2118,-8472,,2119,1
11580,-2622,-464,-8472,-464,-8936,,-463,1
0,-3203,0,-8936,0,-8936,,,
0,11760,0,-8936,0,-8936,,,
43390,-15440,-10223,-8936,-10223,-19159,,-10222,1
0,5489,0,-19159,0,-19159,,,
39987,-6981,-4260,-19159,-4260,-23419,,-4259,1
3911,-647,-39,-23419,-39,-23458,,-39,0
0,-5383,0,-23458,0,-23458,,,
0,243,0,-23458,0,-23458,,,
0,-2048,0,-23458,0,-23458,,,
0,-1411,0,-23458,0,-23458,,,
8537,10088,1314,-23458,1314,-22144,,1314,0
0,6248,0,-22144,0,-22144,,,
6963,-2885,-307,-22144,-307,-22451,,-307,0
0,702,0,-22451,0,-22451,,,
0,-3113,0,-22451,0,-22451,,,
22812,-11908,-4145,-22451,-4145,-26596,,-4145,0
16698,-2710,-691,-26596,-691,-27287,,-690,1
0,96,0,-27287,0,-27287,,,
36562,-2368,-1322,-27287,-1322,-28609,,-1321,1
8945,3960,540,-28609,540,-28069,,540,0
6450,1200,118,-28069,118,-27951,,118,0
28727,1748,766,-27951,766,-27185,,766,0
29324,-16727,-7485,-27185,-7485,-34670,,-7484,1
22639,8487,2931,-34670,2931,-31739,,2932,1
33399,9132,4653,-31739,4653,-27086,,4654,1
7449,3260,370,-27086,370,-26716,,371,1
6303,-14372,-1383,-26716,-1383,-28099,,-1382,1
2265,9749,336,-28099,336,-27763,,337,1
7269,1268,140,-27763,140,-27623,,141,1
22309,-7726,-2630,-27623,-2630,-30253,,-2630,0
12817,-2615,-512,-30253,-512,-30765,,-511,1
31867,9386,4563,-30765,4563,-26202,,4564,1
0,-998,0,-26202,0,-26202,,,
27255,6036,2510,-26202,2510,-23692,,2510,0
7022,-3906,-419,-23692,-419,-24111,,-419,0
0,772,0,-24111,0,-24111,,,
1864,2492,70,-24111,70,-24041,,71,1
0,-754,0,-24041,0,-24041,,,
67219,-202,-208,-24041,-208,-24249,,-207,1
64030,-8380,-8188,-24249,-8188,-32437,,-8187,1
0,9205,0,-32437,0,-32437,,,
0,7386,0,-32437,0,-32437,,,
12519,-233,-45,-32437,-45,-32482,,-45,0
0,4881,0,-32482,0,-32482,,,
0,269,0,-32482,0,-32482,,,
41320,-1898,-1197,-32482,-1197,-33679,,-1197,0
2999,8871,405,-33679,405,-33274,,406,1
0,-1615,0,-33274,0,-33274,,,
28870,1666,733,-33274,733,-32541,,734,1
20198,10125,3120,-32541,3120,-29421,,3120,0
28860,-6430,-2832,-29421,-2832,-32253,,-2832,0
0,-1182,0,-32253,0,-32253,,,
86825,1344,1780,-32253,1780,-30473,,1781,1
0,-8883,0,-30473,0,-30473,,,
78344,-3376,-4036,-30473,-4036,-34509,,-4036,0
7226,6532,720,-34509,720,-33789,,720,0
37272,-2186,-1244,-33789,-1244,-35033,,-1243,1
42602,5917,3846,-35033,3846,-31187,,3846,0
0,266,0,-31187,0,-31187,,,
36869,954,536,-31187,536,-30651,,537,1
5246,5977,478,-30651,478,-30173,,478,0
52728,33,26,-30173,26,-30147,,27,1
0,7508,0,-30147,0,-30147,,,
24680,-2625,-989,-30147,-989,-31136,,-989,0
10282,3219,505,-31136,505,-30631,,505,0
827,-307,-4,-30631,-4,-30635,,-4,0
4250,1309,84,-30635,84,-30551,,85,1
12945,738,145,-30551,145,-30406,,146,1
12596,11577,2225,-30406,2225,-28181,,2225,0
25365,-4380,-1696,-28181,-1696,-29877,,-1695,1
0,886,0,-29877,0,-29877,,,
41063,6195,3881,-29877,3881,-25996,,3882,1
3669,-6586,-369,-25996,-369,-26365,,-369,0
0,12037,0,-26365,0,-26365,,,
0,82,0,-26365,0,-26365,,,
9461,304,43,-26365,43,-26322,,44,1
0,-8874,0,-26322,0,-26322,,,
0,-1025,0,-26322,0,-26322,,,
44073,-5014,-3372,-26322,-3372,-29694,,-3372,0
14983,6086,1391,-29694,1391,-28303,,1391,0
0,-281,0,-28303,0,-28303,,,
35988,-15722,-8634,-28303,-8634,-36937,,-8633,1
124658,-19536,28375,-36937,28375,-8562,,-37160,65535
21803,18275,6079,-8562,6079,-2483,,6080,1
0,5039,0,-2483,0,-2483,,,
57861,-4394,-3880,-2483,-3880,-6363,,-3879,1
0,-1265,0,-6363,0,-6363,,,
63492,5869,5685,-6363,5685,-678,,5686,1
0,10454,0,-678,0,-678,,,
36223,5584,3086,-678,3086,2408,,3086,0
9728,-6660,-989,2408,-989,1419,,-989,0
37037,-4670,-2640,1419,-2640,-1221,,-2639,1
10203,-3802,-592,-1221,-592,-1813,,-592,0
0,-8854,0,-1813,0,-1813,,,
15072,9420,2166,-1813,2166,353,,2166,0
0,2717,0,353,0,353,,,
0,-3098,0,353,0,353,,,
11345,6146,1063,353,1063,1416,,1064,1
0,1609,0,1416,0,1416,,,
0,2706,0,1416,0,1416,,,
62384,5726,5450,1416,5450,6866,,5451,1
0,-967,0,6866,0,6866,,,
0,2392,0,6866,0,6866,,,
7023,-2365,-254,6866,-254,6612,,-253,1
67562,-3358,-3462,6612,-3462,3150,,-3462,0
0,-15681,0,3150,0,3150,,,
0,-17001,0,3150,0,3150,,,
52268,8379,6682,3150,6682,9832,,6683,1
49123,5412,4056,9832,4056,13888,,4057,1
11429,16874,2942,13888,2942,16830,,2943,1
52263,1620,1291,16830,1291,18121,,1292,1
7773,11772,1396,18121,1396,19517,,1396,0
4196,-5652,-362,19517,-362,19155,,-362,0
7192,7536,827,19155,827,19982,,827,0
47751,4002,2915,19982,2915,22897,,2916,1
8520,-8718,-1134,22897,-1134,21763,,-1133,1
10502,-382,-62,21763,-62,21701,,-61,1
58800,-3702,-3322,21701,-3322,18379,,-3321,1
0,9292,0,18379,0,18379,,,
56267,-8519,-7315,18379,-7315,11064,,-7314,1
6178,6046,569,11064,569,11633,,570,1
44476,-4622,-3137,11633,-3137,8496,,-3137,0
32336,-3854,-1902,8496,-1902,6594,,-1902,0
41335,6360,4011,6594,4011,10605,,4011,0
0,-2224,0,10605,0,10605,,,
0,-9746,0,10605,0,10605,,,
11149,-6051,-1030,10605,-1030,9575,,-1029,1
0,5296,0,9575,0,9575,,,
30323,8623,3989,9575,3989,13564,,3990,1
24546,-12834,-4807,13564,-4807,8757,,-4807,0
57957,3775,3338,8757,3338,12095,,3338,0
56724,-13157,-11388,12095,-11388,707,,-11388,0
5575,5192,441,707,441,1148,,442,1
0,-1182,0,1148,0,1148,,,
56687,10375,8974,1148,8974,10122,,8974,0
57432,-10120,-8869,10122,-8869,1253,,-8869,0
32149,-4440,-2179,1253,-2179,-926,,-2178,1
12293,-3717,-698,-926,-698,-1624,,-697,1
40962,-3944,-2466,-1624,-2466,-4090,,-2465,1
19917,-5829,-1772,-4090,-1772,-5862,,-1771,1
18004,-3380,-929,-5862,-929,-6791,,-929,0
11424,13531,2358,-6791,2358,-4433,,2359,1
0,3329,0,-4433,0,-4433,,,
8596,9057,1187,-4433,1187,-3246,,1188,1
0,-6982,0,-3246,0,-3246,,,
9223,15652,2202,-3246,2202,-1044,,2203,1
5717,-9061,-791,-1044,-791,-1835,,-790,1
0,-1560,0,-1835,0,-1835,,,
1455,8187,181,-1835,181,-1654,,182,1
23352,8940,3185,-1654,3185,1531,,3186,1
0,676,0,1531,0,1531,,,
25945,-9978,-3951,1531,-3951,-2420,,-3950,1
28323,-7521,-3251,-2420,-3251,-5671,,-3250,1
0,-1687,0,-5671,0,-5671,,,
22645,-5194,-1795,-5671,-1795,-7466,,-1795,0
0,-9022,0,-7466,0,-7466,,,
52601,5550,4454,-7466,4454,-3012,,4455,1
0,328,0,-3012,0,-3012,,,
2430,-3594,-134,-3012,-134,-3146,,-133,1
0,1333,0,-3146,0,-3146,,,
65414,5788,5777,-3146,5777,2631,,5777,0
4366,-5772,-385,2631,-385,2246,,-385,0
0,4238,0,2246,0,2246,,,
26723,-5435,-2217,2246,-2217,29,,-2216,1
25757,-5078,-1996,29,-1996,-1967,,-1996,0
3180,8229,399,-1967,399,-1568,,399,0
0,-269,0,-1568,0,-1568,,,
28346,941,407,-1568,407,-1161,,407,0
25637,195,76,-1161,76,-1085,,76,0
14574,-3936,-876,-1085,-876,-1961,,-875,1
19510,1115,331,-1961,331,-1630,,332,1
39261,-8098,-4852,-1630,-4852,-6482,,-4851,1
22449,-3325,-1139,-6482,-1139,-7621,,-1139,0
5497,-1432,-121,-7621,-121,-7742,,-120,1
2708,-1080,-45,-7742,-45,-7787,,-45,0
0,-3356,0,-7787,0,-7787,,,
48270,-2302,-1696,-7787,-1696,-9483,,-1696,0
0,15556,0,-9483,0,-9483,,,
47500,5870,4254,-9483,4254,-5229,,4255,1
35199,-827,-445,-5229,-445,-5674,,-444,1
4972,-4403,-335,-5674,-335,-6009,,-334,1
0,14570,0,-6009,0,-6009,,,
0,1082,0,-6009,0,-6009,,,
26406,-6789,-2736,-6009,-2736,-8745,,-2735,1
0,-8953,0,-8745,0,-8745,,,
21117,7853,2530,-8745,2530,-6215,,2530,0
0,12447,0,-6215,0,-6215,,,
0,327,0,-6215,0,-6215,,,
22071,-1664,-561,-6215,-561,-6776,,-560,1
20534,-6464,-2026,-6776,-2026,-8802,,-2025,1
7687,-5605,-658,-8802,-658,-9460,,-657,1
52910,-3489,-2817,-9460,-2817,-12277,,-2817,0
0,-1339,0,-12277,0,-12277,,,
53331,1570,1277,-12277,1277,-11000,,1278,1
0,-348,0,-11000,0,-11000,,,
0,-9767,0,-11000,0,-11000,,,
60162,3769,3459,-11000,3459,-7541,,3460,1
62090,4505,4268,-7541,4268,-3273,,4268,0
0,5858,0,-3273,0,-3273,,,
31011,3017,1427,-3273,1427,-1846,,1428,1
0,1729,0,-1846,0,-1846,,,
0,14503,0,-1846,0,-1846,,,
0,1547,0,-1846,0,-1846,,,
5760,6218,546,-1846,546,-1300,,547,1
62142,-1106,-1049,-1300,-1049,-2349,,-1049,0
11431,-8980,-1567,-2349,-1567,-3916,,-1566,1
11788,-7422,-1335,-3916,-1335,-5251,,-1335,0
8387,-6005,-769,-5251,-769,-6020,,-768,1
0,-355,0,-6020,0,-6020,,,
0,-2256,0,-6020,0,-6020,,,
6619,-8798,-889,-6020,-889,-6909,,-889,0
9762,1910,284,-6909,284,-6625,,285,1
0,4131,0,-6625,0,-6625,,,
25888,15620,6170,-6625,6170,-455,,6170,0
39831,3935,2391,-455,2391,1936,,2392,1
23311,1380,490,1936,490,2426,,491,1
0,1527,0,2426,0,2426,,,
18541,-11658,-3299,2426,-3299,-873,,-3298,1
0,2439,0,-873,0,-873,,,
8654,17934,2368,-873,2368,1495,,2368,0
0,10996,0,1495,0,1495,,,
38493,-6136,-3605,1495,-3605,-2110,,-3604,1
30860,-3294,-1552,-2110,-1552,-3662,,-1551,1
7640,6370,742,-3662,742,-2920,,743,1
70394,-4517,-4852,-2920,-4852,-7772,,-4852,0
0,-9432,0,-7772,0,-7772,,,
16020,-3745,-916,-7772,-916,-8688,,-915,1
0,-1726,0,-8688,0,-8688,,,
0,7341,0,-8688,0,-8688,,,
32325,-4684,-2311,-8688,-2311,-10999,,-2310,1
0,4771,0,-10999,0,-10999,,,
13982,-9302,-1985,-10999,-1985,-12984,,-1985,0
0,-1765,0,-12984,0,-12984,,,
10133,1144,176,-12984,176,-12808,,177,1
0,-11982,0,-12808,0,-12808,,,
47116,13376,9616,-12808,9616,-3192,,9616,0
0,-2396,0,-3192,0,-3192,,,
31738,13316,6448,-3192,6448,3256,,6449,1
2036,3870,120,3256,120,3376,,120,0
0,10112,0,3376,0,3376,,,
0,-2619,0,3376,0,3376,,,
0,-12557,0,3376,0,3376,,,
0,-13237,0,3376,0,3376,,,
34457,2607,1370,3376,1370,4746,,1371,1
0,5773,0,4746,0,4746,,,
19835,847,256,4746,256,5002,,256,0
0,9830,0,5002,0,5002,,,
0,1564,0,5002,0,5002,,,
60832,-9801,-9098,5002,-9098,-4096,,-9098,0
0,-5630,0,-4096,0,-4096,,,
17795,794,215,-4096,215,-3881,,216,1
2208,3459,116,-3881,116,-3765,,117,1
7736,8233,971,-3765,971,-2794,,972,1
44654,-5011,-3415,-2794,-3415,-6209,,-3414,1
65786,-10318,-10358,-6209,-10358,-16567,,-10357,1
30856,8352,3932,-16567,3932,-12635,,3932,0
2401,-5945,-218,-12635,-218,-12853,,-218,0
7427,9695,1098,-12853,1098,-11755,,1099,1
5145,-1223,-97,-11755,-97,-11852,,-96,1
0,1023,0,-11852,0,-11852,,,
31970,-9795,-4779,-11852,-4779,-16631,,-4778,1
13514,5940,1224,-16631,1224,-15407,,1225,1
0,10607,0,-15407,0,-15407,,,
0,10293,0,-15407,0,-15407,,,
0,-2250,0,-15407,0,-15407,,,
0,12745,0,-15407,0,-15407,,,
7917,65,7,-15407,7,-15400,,8,1
45114,5900,4061,-15400,4061,-11339,,4061,0
40254,-5191,-3189,-11339,-3189,-14528,,-3188,1
0,4524,0,-14528,0,-14528,,,
46322,-5168,-3653,-14528,-3653,-18181,,-3653,0
12323,-7384,-1389,-18181,-1389,-19570,,-1388,1
1346,3134,64,-19570,64,-19506,,64,0
0,855,0,-19506,0,-19506,,,
25942,3395,1343,-19506,1343,-18163,,1344,1
11747,37,6,-18163,6,-18157,,7,1
10434,-5063,-807,-18157,-807,-18964,,-806,1
22593,-15583,-5373,-18964,-5373,-24337,,-5372,1
36810,418,234,-24337,234,-24103,,235,1
7443,-5561,-632,-24103,-632,-24735,,-632,0
18562,1528,432,-24735,432,-24303,,433,1
39448,-9137,-5500,-24303,-5500,-29803,,-5500,0
12331,15114,2843,-29803,2843,-26960,,2844,1
1617,-226,-6,-26960,-6,-26966,,-6,0
28967,-5937,-2625,-26966,-2625,-29591,,-2624,1
28921,-5552,-2451,-29591,-2451,-32042,,-2450,1
32932,-7579,-3809,-32042,-3809,-35851,,-3808,1
0,2603,0,-35851,0,-35851,,,
29307,10734,4800,-35851,4800,-31051,,4800,0
56466,-1325,-1142,-31051,-1142,-32193,,-1142,0
8641,-2506,-331,-32193,-331,-32524,,-330,1
0,355,0,-32524,0,-32524,,,
39259,-3377,-2023,-32524,-2023,-34547,,-2023,0
0,11782,0,-34547,0,-34547,,,
0,-3222,0,-34547,0,-34547,,,
31374,-3447,-1651,-34547,-1651,-36198,,-1650,1
27051,9427,3891,-36198,3891,-32307,,3891,0
32405,-7334,-3627,-32307,-3627,-35934,,-3626,1
16550,-1621,-410,-35934,-410,-36344,,-409,1
0,-206,0,-36344,0,-36344,,,
17049,-1383,-360,-36344,-360,-36704,,-360,0
31142,-7014,-3333,-36704,-3333,-40037,,-3333,0
35328,7649,4123,-40037,4123,-35914,,4123,0
9400,1699,243,-35914,243,-35671,,244,1
0,-9144,0,-35671,0,-35671,,,
26433,-16664,-6722,-35671,-6722,-42393,,-6721,1
0,-4064,0,-42393,0,-42393,,,
0,19527,0,-42393,0,-42393,,,
38571,-3165,-1863,-42393,-1863,-44256,,-1863,0
42310,-2750,-1776,-44256,-1776,-46032,,-1775,1
0,9235,0,-46032,0,-46032,,,
0,16466,0,-46032,0,-46032,,,
0,-2032,0,-46032,0,-46032,,,
2760,18,0,-46032,0,-46032,,1,1
7170,2968,324,-46032,324,-45708,,325,1
0,-14190,0,-45708,0,-45708,,,
1606,-871,-22,-45708,-22,-45730,,-21,1
0,2245,0,-45730,0,-45730,,,
51846,14498,11469,-45730,11469,-34261,,11469,0
0,16668,0,-34261,0,-34261,,,
51299,11730,9181,-34261,9181,-25080,,9182,1
0,13233,0,-25080,0,-25080,,,
0,4754,0,-25080,0,-25080,,,
0,-1579,0,-25080,0,-25080,,,
0,1334,0,-25080,0,-25080,,,
3670,4236,237,-25080,237,-24843,,237,0
0,-1533,0,-24843,0,-24843,,,
16984,1593,412,-24843,412,-24431,,413,1
0,-3861,0,-24431,0,-24431,,,
0,6545,0,-24431,0,-24431,,,
0,15094,0,-24431,0,-24431,,,
0,11778,0,-24431,0,-24431,,,
20524,12380,3877,-24431,3877,-20554,,3877,0
831,-1467,-19,-20554,-19,-20573,,-19,0
0,-6307,0,-20573,0,-20573,,,
0,-1772,0,-20573,0,-20573,,,
0,-2600,0,-20573,0,-20573,,,
0,14277,0,-20573,0,-20573,,,
66218,9654,9754,-20573,9754,-10819,,9754,0
12809,3145,614,-10819,614,-10205,,615,1
7080,-689,-75,-10205,-75,-10280,,-74,1
0,7384,0,-10280,0,-10280,,,
0,-2517,0,-10280,0,-10280,,,
8997,-5933,-815,-10280,-815,-11095,,-815,0
38506,-18787,-11039,-11095,-11039,-22134,,-11038,1
27526,-12697,-5333,-22134,-5333,-27467,,-5333,0
48693,-8056,-5986,-27467,-5986,-33453,,-5986,0
22331,1486,506,-33453,506,-32947,,506,0
0,3417,0,-32947,0,-32947,,,
42495,1916,1242,-32947,1242,-31705,,1242,0
51108,5245,4090,-31705,4090,-27615,,4090,0
0,17083,0,-27615,0,-27615,,,
32069,7389,3615,-27615,3615,-24000,,3616,1
0,12020,0,-24000,0,-24000,,,
0,8947,0,-24000,0,-24000,,,
37821,-1579,-912,-24000,-912,-24912,,-911,1
0,11818,0,-24912,0,-24912,,,
8108,2007,248,-24912,248,-24664,,248,0
52233,-4693,-3741,-24664,-3741,-28405,,-3740,1
55139,-6544,-5506,-28405,-5506,-33911,,-5506,0
0,12732,0,-33911,0,-33911,,,
35374,2501,1349,-33911,1349,-32562,,1350,1
16393,-901,-226,-32562,-226,-32788,,-225,1
0,2876,0,-32788,0,-32788,,,
3702,-1248,-71,-32788,-71,-32859,,-70,1
0,-2294,0,-32859,0,-32859,,,
49540,12662,9571,-32859,9571,-23288,,9571,0
0,4021,0,-23288,0,-23288,,,
6801,956,99,-23288,99,-23189,,99,0
16111,-3005,-739,-23189,-739,-23928,,-739,0
23289,-1818,-647,-23928,-647,-24575,,-646,1
12115,-1337,-248,-24575,-248,-24823,,-247,1
30540,-2591,-1208,-24823,-1208,-26031,,-1207,1
6972,-393,-42,-26031,-42,-26073,,-42,0
0,656,0,-26073,0,-26073,,,
59383,4630,4195,-26073,4195,-21878,,4195,0
0,9406,0,-21878,0,-21878,,,
44404,-5283,-3580,-21878,-3580,-25458,,-3580,0
9268,1150,162,-25458,162,-25296,,163,1
0,10859,0,-25296,0,-25296,,,
1509,11045,254,-25296,254,-25042,,254,0
42165,-7753,-4989,-25042,-4989,-30031,,-4988,1
68348,4412,4601,-30031,4601,-25430,,4601,0
0,956,0,-25430,0,-25430,,,
15782,2823,679,-25430,679,-24751,,680,1
0,303,0,-24751,0,-24751,,,
2787,4191,178,-24751,178,-24573,,178,0
73007,-14408,-16051,-24573,-16051,-40624,,-16050,1
13851,871,184,-40624,184,-40440,,184,0
60536,-14524,-13416,-40440,-13416,-53856,,-13416,0
26904,2458,1009,-53856,1009,-52847,,1009,0
0,-1131,0,-52847,0,-52847,,,
16185,1384,341,-52847,341,-52506,,342,1
50017,-4809,-3671,-52506,-3671,-56177,,-3670,1
23131,2564,904,-56177,904,-55273,,905,1
0,-4047,0,-55273,0,-55273,,,
16771,-14294,-3658,-55273,-3658,-58931,,-3658,0
0,11898,0,-58931,0,-58931,,,
56061,-2654,-2271,-58931,-2271,-61202,,-2270,1
18923,-3051,-881,-61202,-881,-62083,,-881,0
0,9972,0,-62083,0,-62083,,,
6835,6161,642,-62083,642,-61441,,643,1
25731,2927,1149,-61441,1149,-60292,,1149,0
0,8321,0,-60292,0,-60292,,,
0,-6429,0,-60292,0,-60292,,,
0,-435,0,-60292,0,-60292,,,
26617,-321,-131,-60292,-131,-60423,,-130,1
7047,911,97,-60423,97,-60326,,98,1
19845,-3007,-911,-60326,-911,-61237,,-911,0
0,-8340,0,-61237,0,-61237,,,
15382,-10957,-2572,-61237,-2572,-63809,,-2572,0
35610,767,416,-63809,416,-63393,,417,1
0,-4197,0,-63393,0,-63393,,,
0,-1517,0,-63393,0,-63393,,,
14391,-5682,-1248,-63393,-1248,-64641,,-1248,0
44011,-3042,-2043,-64641,-2043,-66684,,-2043,0
19898,-1500,-456,-66684,-456,-67140,,-455,1
41675,1366,868,-67140,868,-66272,,869,1
0,-1278,0,-66272,0,-66272,,,
14974,-10841,-2478,-66272,-2478,-68750,,-2477,1
11167,308,52,-68750,52,-68698,,52,0
0,6453,0,-68698,0,-68698,,,
45096,-2417,-1664,-68698,-1664,-70362,,-1663,1
50904,-14272,-11086,-70362,-11086,-81448,,-11086,0
14759,-6503,-1465,-81448,-1465,-82913,,-1465,0
36059,1146,630,-82913,630,-82283,,631,1
42808,-8686,-5674,-82283,-5674,-87957,,-5674,0
4977,2428,184,-87957,184,-87773,,184,0
47140,-1264,-910,-87773,-910,-88683,,-909,1
8758,793,105,-88683,105,-88578,,106,1
0,273,0,-88578,0,-88578,,,
9377,-2907,-416,-88578,-416,-88994,,-416,0
66260,-3153,-3188,-88994,-3188,-92182,,-3188,0
0,-485,0,-92182,0,-92182,,,
15065,1855,426,-92182,426,-91756,,426,0
25568,-622,-243,-91756,-243,-91999,,-243,0
427,5771,37,-91999,37,-91962,,38,1
39830,-4830,-2936,-91962,-2936,-94898,,-2935,1
41117,14451,9066,-94898,9066,-85832,,9066,0
31191,988,470,-85832,470,-85362,,470,0
19679,-6442,-1935,-85362,-1935,-87297,,-1934,1
0,8201,0,-87297,0,-87297,,,
43471,3499,2320,-87297,2320,-84977,,2321,1
12657,-9330,-1802,-84977,-1802,-86779,,-1802,0
0,1865,0,-86779,0,-86779,,,
0,-891,0,-86779,0,-86779,,,
41049,-1393,-873,-86779,-873,-87652,,-873,0
0,-1021,0,-87652,0,-87652,,,
16664,-2073,-528,-87652,-528,-88180,,-527,1
0,18822,0,-88180,0,-88180,,,
9704,-5558,-823,-88180,-823,-89003,,-823,0
58998,-13829,-12450,-89003,-12450,-101453,,-12449,1
5349,9904,808,-101453,808,-100645,,808,0
0,1501,0,-100645,0,-100645,,,
17248,-1563,-412,-100645,-412,-101057,,-411,1
49602,14043,10628,-101057,10628,-90429,,10629,1
0,-4126,0,-90429,0,-90429,,,
39749,-11043,-6698,-90429,-6698,-97127,,-6698,0
1719,9178,240,-97127,240,-96887,,241,1
41095,-2792,-1751,-96887,-1751,-98638,,-1751,0
0,7518,0,-98638,0,-98638,,,
30685,631,295,-98638,295,-98343,,295,0
43009,-3923,-2575,-98343,-2575,-100918,,-2575,0
0,1237,0,-100918,0,-100918,,,
37358,14187,8087,-100918,8087,-92831,,8087,0
59338,-31,-29,-92831,-29,-92860,,-28,1
25863,7779,3069,-92860,3069,-89791,,3070,1
0,297,0,-89791,0,-89791,,,
26337,1007,404,-89791,404,-89387,,405,1
7676,-6026,-706,-89387,-706,-90093,,-706,0
39631,340,205,-90093,205,-89888,,206,1
27377,-7866,-3286,-89888,-3286,-93174,,-3286,0
0,6643,0,-93174,0,-93174,,,
6123,-11953,-1117,-93174,-1117,-94291,,-1117,0
0,-2571,0,-94291,0,-94291,,,
24027,1770,648,-94291,648,-93643,,649,1
2442,15443,575,-93643,575,-93068,,575,0
84569,4339,5599,-93068,5599,-87469,,5599,0
20181,6030,1856,-87469,1856,-85613,,1857,1
12893,2589,509,-85613,509,-85104,,509,0
0,-4840,0,-85104,0,-85104,,,
14304,-7305,-1595,-85104,-1595,-86699,,-1594,1
0,300,0,-86699,0,-86699,,,
5331,3001,244,-86699,244,-86455,,244,0
1456,81,1,-86455,1,-86454,,2,1
3104,-9662,-458,-86454,-458,-86912,,-458,0
48747,-9523,-7084,-86912,-7084,-93996,,-7083,1
0,-42,0,-93996,0,-93996,,,
54436,10266,8527,-93996,8527,-85469,,8527,0
11512,-1801,-317,-85469,-317,-85786,,-316,1
0,4875,0,-85786,0,-85786,,,
0,10665,0,-85786,0,-85786,,,
0,3029,0,-85786,0,-85786,,,
0,-2461,0,-85786,0,-85786,,,
654,7737,77,-85786,77,-85709,,77,0
21760,-15182,-5041,-85709,-5041,-90750,,-5041,0
14654,-3033,-679,-90750,-679,-91429,,-678,1
0,8033,0,-91429,0,-91429,,,
0,33,0,-91429,0,-91429,,,
26482,4662,1883,-91429,1883,-89546,,1884,1
0,0,0,-89546,12931,-76615,,,
